frame,time_sec,normal_count_conf035,lowconf_hint_count_conf010,expected_count,raw_image,start_label,corrected_label,normal_review_overlay,lowconf_hint_overlay
16431,657.24,19,21,23,C:\Users\prith\Downloads\Lab automation\LabVision-AI\datasets\labos_backcam_people\review_backcam_crowded_end_23\images_raw\backcam_end23_f016431_c19_expected23.jpg,C:\Users\prith\Downloads\Lab automation\LabVision-AI\datasets\labos_backcam_people\review_backcam_crowded_end_23\labels_start\backcam_end23_f016431_c19_expected23.txt,C:\Users\prith\Downloads\Lab automation\LabVision-AI\datasets\labos_backcam_people\review_backcam_crowded_end_23\labels_corrected\backcam_end23_f016431_c19_expected23.txt,C:\Users\prith\Downloads\Lab automation\LabVision-AI\datasets\labos_backcam_people\review_backcam_crowded_end_23\review_overlay\backcam_end23_f016431_c19_expected23.jpg,C:\Users\prith\Downloads\Lab automation\LabVision-AI\datasets\labos_backcam_people\review_backcam_crowded_end_23\review_overlay_lowconf_hints\backcam_end23_f016431_c19_expected23.jpg
16506,660.24,19,23,23,C:\Users\prith\Downloads\Lab automation\LabVision-AI\datasets\labos_backcam_people\review_backcam_crowded_end_23\images_raw\backcam_end23_f016506_c19_expected23.jpg,C:\Users\prith\Downloads\Lab automation\LabVision-AI\datasets\labos_backcam_people\review_backcam_crowded_end_23\labels_start\backcam_end23_f016506_c19_expected23.txt,C:\Users\prith\Downloads\Lab automation\LabVision-AI\datasets\labos_backcam_people\review_backcam_crowded_end_23\labels_corrected\backcam_end23_f016506_c19_expected23.txt,C:\Users\prith\Downloads\Lab automation\LabVision-AI\datasets\labos_backcam_people\review_backcam_crowded_end_23\review_overlay\backcam_end23_f016506_c19_expected23.jpg,C:\Users\prith\Downloads\Lab automation\LabVision-AI\datasets\labos_backcam_people\review_backcam_crowded_end_23\review_overlay_lowconf_hints\backcam_end23_f016506_c19_expected23.jpg
16581,663.24,19,21,23,C:\Users\prith\Downloads\Lab automation\LabVision-AI\datasets\labos_backcam_people\review_backcam_crowded_end_23\images_raw\backcam_end23_f016581_c19_expected23.jpg,C:\Users\prith\Downloads\Lab automation\LabVision-AI\datasets\labos_backcam_people\review_backcam_crowded_end_23\labels_start\backcam_end23_f016581_c19_expected23.txt,C:\Users\prith\Downloads\Lab automation\LabVision-AI\datasets\labos_backcam_people\review_backcam_crowded_end_23\labels_corrected\backcam_end23_f016581_c19_expected23.txt,C:\Users\prith\Downloads\Lab automation\LabVision-AI\datasets\labos_backcam_people\review_backcam_crowded_end_23\review_overlay\backcam_end23_f016581_c19_expected23.jpg,C:\Users\prith\Downloads\Lab automation\LabVision-AI\datasets\labos_backcam_people\review_backcam_crowded_end_23\review_overlay_lowconf_hints\backcam_end23_f016581_c19_expected23.jpg
16656,666.24,19,20,23,C:\Users\prith\Downloads\Lab automation\LabVision-AI\datasets\labos_backcam_people\review_backcam_crowded_end_23\images_raw\backcam_end23_f016656_c19_expected23.jpg,C:\Users\prith\Downloads\Lab automation\LabVision-AI\datasets\labos_backcam_people\review_backcam_crowded_end_23\labels_start\backcam_end23_f016656_c19_expected23.txt,C:\Users\prith\Downloads\Lab automation\LabVision-AI\datasets\labos_backcam_people\review_backcam_crowded_end_23\labels_corrected\backcam_end23_f016656_c19_expected23.txt,C:\Users\prith\Downloads\Lab automation\LabVision-AI\datasets\labos_backcam_people\review_backcam_crowded_end_23\review_overlay\backcam_end23_f016656_c19_expected23.jpg,C:\Users\prith\Downloads\Lab automation\LabVision-AI\datasets\labos_backcam_people\review_backcam_crowded_end_23\review_overlay_lowconf_hints\backcam_end23_f016656_c19_expected23.jpg
16731,669.24,18,20,23,C:\Users\prith\Downloads\Lab automation\LabVision-AI\datasets\labos_backcam_people\review_backcam_crowded_end_23\images_raw\backcam_end23_f016731_c18_expected23.jpg,C:\Users\prith\Downloads\Lab automation\LabVision-AI\datasets\labos_backcam_people\review_backcam_crowded_end_23\labels_start\backcam_end23_f016731_c18_expected23.txt,C:\Users\prith\Downloads\Lab automation\LabVision-AI\datasets\labos_backcam_people\review_backcam_crowded_end_23\labels_corrected\backcam_end23_f016731_c18_expected23.txt,C:\Users\prith\Downloads\Lab automation\LabVision-AI\datasets\labos_backcam_people\review_backcam_crowded_end_23\review_overlay\backcam_end23_f016731_c18_expected23.jpg,C:\Users\prith\Downloads\Lab automation\LabVision-AI\datasets\labos_backcam_people\review_backcam_crowded_end_23\review_overlay_lowconf_hints\backcam_end23_f016731_c18_expected23.jpg
16806,672.24,18,20,23,C:\Users\prith\Downloads\Lab automation\LabVision-AI\datasets\labos_backcam_people\review_backcam_crowded_end_23\images_raw\backcam_end23_f016806_c18_expected23.jpg,C:\Users\prith\Downloads\Lab automation\LabVision-AI\datasets\labos_backcam_people\review_backcam_crowded_end_23\labels_start\backcam_end23_f016806_c18_expected23.txt,C:\Users\prith\Downloads\Lab automation\LabVision-AI\datasets\labos_backcam_people\review_backcam_crowded_end_23\labels_corrected\backcam_end23_f016806_c18_expected23.txt,C:\Users\prith\Downloads\Lab automation\LabVision-AI\datasets\labos_backcam_people\review_backcam_crowded_end_23\review_overlay\backcam_end23_f016806_c18_expected23.jpg,C:\Users\prith\Downloads\Lab automation\LabVision-AI\datasets\labos_backcam_people\review_backcam_crowded_end_23\review_overlay_lowconf_hints\backcam_end23_f016806_c18_expected23.jpg
16881,675.24,19,22,23,C:\Users\prith\Downloads\Lab automation\LabVision-AI\datasets\labos_backcam_people\review_backcam_crowded_end_23\images_raw\backcam_end23_f016881_c19_expected23.jpg,C:\Users\prith\Downloads\Lab automation\LabVision-AI\datasets\labos_backcam_people\review_backcam_crowded_end_23\labels_start\backcam_end23_f016881_c19_expected23.txt,C:\Users\prith\Downloads\Lab automation\LabVision-AI\datasets\labos_backcam_people\review_backcam_crowded_end_23\labels_corrected\backcam_end23_f016881_c19_expected23.txt,C:\Users\prith\Downloads\Lab automation\LabVision-AI\datasets\labos_backcam_people\review_backcam_crowded_end_23\review_overlay\backcam_end23_f016881_c19_expected23.jpg,C:\Users\prith\Downloads\Lab automation\LabVision-AI\datasets\labos_backcam_people\review_backcam_crowded_end_23\review_overlay_lowconf_hints\backcam_end23_f016881_c19_expected23.jpg
16956,678.24,21,24,23,C:\Users\prith\Downloads\Lab automation\LabVision-AI\datasets\labos_backcam_people\review_backcam_crowded_end_23\images_raw\backcam_end23_f016956_c21_expected23.jpg,C:\Users\prith\Downloads\Lab automation\LabVision-AI\datasets\labos_backcam_people\review_backcam_crowded_end_23\labels_start\backcam_end23_f016956_c21_expected23.txt,C:\Users\prith\Downloads\Lab automation\LabVision-AI\datasets\labos_backcam_people\review_backcam_crowded_end_23\labels_corrected\backcam_end23_f016956_c21_expected23.txt,C:\Users\prith\Downloads\Lab automation\LabVision-AI\datasets\labos_backcam_people\review_backcam_crowded_end_23\review_overlay\backcam_end23_f016956_c21_expected23.jpg,C:\Users\prith\Downloads\Lab automation\LabVision-AI\datasets\labos_backcam_people\review_backcam_crowded_end_23\review_overlay_lowconf_hints\backcam_end23_f016956_c21_expected23.jpg
17031,681.24,21,21,23,C:\Users\prith\Downloads\Lab automation\LabVision-AI\datasets\labos_backcam_people\review_backcam_crowded_end_23\images_raw\backcam_end23_f017031_c21_expected23.jpg,C:\Users\prith\Downloads\Lab automation\LabVision-AI\datasets\labos_backcam_people\review_backcam_crowded_end_23\labels_start\backcam_end23_f017031_c21_expected23.txt,C:\Users\prith\Downloads\Lab automation\LabVision-AI\datasets\labos_backcam_people\review_backcam_crowded_end_23\labels_corrected\backcam_end23_f017031_c21_expected23.txt,C:\Users\prith\Downloads\Lab automation\LabVision-AI\datasets\labos_backcam_people\review_backcam_crowded_end_23\review_overlay\backcam_end23_f017031_c21_expected23.jpg,C:\Users\prith\Downloads\Lab automation\LabVision-AI\datasets\labos_backcam_people\review_backcam_crowded_end_23\review_overlay_lowconf_hints\backcam_end23_f017031_c21_expected23.jpg
17106,684.24,21,25,23,C:\Users\prith\Downloads\Lab automation\LabVision-AI\datasets\labos_backcam_people\review_backcam_crowded_end_23\images_raw\backcam_end23_f017106_c21_expected23.jpg,C:\Users\prith\Downloads\Lab automation\LabVision-AI\datasets\labos_backcam_people\review_backcam_crowded_end_23\labels_start\backcam_end23_f017106_c21_expected23.txt,C:\Users\prith\Downloads\Lab automation\LabVision-AI\datasets\labos_backcam_people\review_backcam_crowded_end_23\labels_corrected\backcam_end23_f017106_c21_expected23.txt,C:\Users\prith\Downloads\Lab automation\LabVision-AI\datasets\labos_backcam_people\review_backcam_crowded_end_23\review_overlay\backcam_end23_f017106_c21_expected23.jpg,C:\Users\prith\Downloads\Lab automation\LabVision-AI\datasets\labos_backcam_people\review_backcam_crowded_end_23\review_overlay_lowconf_hints\backcam_end23_f017106_c21_expected23.jpg
17181,687.24,20,21,23,C:\Users\prith\Downloads\Lab automation\LabVision-AI\datasets\labos_backcam_people\review_backcam_crowded_end_23\images_raw\backcam_end23_f017181_c20_expected23.jpg,C:\Users\prith\Downloads\Lab automation\LabVision-AI\datasets\labos_backcam_people\review_backcam_crowded_end_23\labels_start\backcam_end23_f017181_c20_expected23.txt,C:\Users\prith\Downloads\Lab automation\LabVision-AI\datasets\labos_backcam_people\review_backcam_crowded_end_23\labels_corrected\backcam_end23_f017181_c20_expected23.txt,C:\Users\prith\Downloads\Lab automation\LabVision-AI\datasets\labos_backcam_people\review_backcam_crowded_end_23\review_overlay\backcam_end23_f017181_c20_expected23.jpg,C:\Users\prith\Downloads\Lab automation\LabVision-AI\datasets\labos_backcam_people\review_backcam_crowded_end_23\review_overlay_lowconf_hints\backcam_end23_f017181_c20_expected23.jpg
17256,690.24,20,23,23,C:\Users\prith\Downloads\Lab automation\LabVision-AI\datasets\labos_backcam_people\review_backcam_crowded_end_23\images_raw\backcam_end23_f017256_c20_expected23.jpg,C:\Users\prith\Downloads\Lab automation\LabVision-AI\datasets\labos_backcam_people\review_backcam_crowded_end_23\labels_start\backcam_end23_f017256_c20_expected23.txt,C:\Users\prith\Downloads\Lab automation\LabVision-AI\datasets\labos_backcam_people\review_backcam_crowded_end_23\labels_corrected\backcam_end23_f017256_c20_expected23.txt,C:\Users\prith\Downloads\Lab automation\LabVision-AI\datasets\labos_backcam_people\review_backcam_crowded_end_23\review_overlay\backcam_end23_f017256_c20_expected23.jpg,C:\Users\prith\Downloads\Lab automation\LabVision-AI\datasets\labos_backcam_people\review_backcam_crowded_end_23\review_overlay_lowconf_hints\backcam_end23_f017256_c20_expected23.jpg
17331,693.24,21,22,23,C:\Users\prith\Downloads\Lab automation\LabVision-AI\datasets\labos_backcam_people\review_backcam_crowded_end_23\images_raw\backcam_end23_f017331_c21_expected23.jpg,C:\Users\prith\Downloads\Lab automation\LabVision-AI\datasets\labos_backcam_people\review_backcam_crowded_end_23\labels_start\backcam_end23_f017331_c21_expected23.txt,C:\Users\prith\Downloads\Lab automation\LabVision-AI\datasets\labos_backcam_people\review_backcam_crowded_end_23\labels_corrected\backcam_end23_f017331_c21_expected23.txt,C:\Users\prith\Downloads\Lab automation\LabVision-AI\datasets\labos_backcam_people\review_backcam_crowded_end_23\review_overlay\backcam_end23_f017331_c21_expected23.jpg,C:\Users\prith\Downloads\Lab automation\LabVision-AI\datasets\labos_backcam_people\review_backcam_crowded_end_23\review_overlay_lowconf_hints\backcam_end23_f017331_c21_expected23.jpg
17406,696.24,22,23,23,C:\Users\prith\Downloads\Lab automation\LabVision-AI\datasets\labos_backcam_people\review_backcam_crowded_end_23\images_raw\backcam_end23_f017406_c22_expected23.jpg,C:\Users\prith\Downloads\Lab automation\LabVision-AI\datasets\labos_backcam_people\review_backcam_crowded_end_23\labels_start\backcam_end23_f017406_c22_expected23.txt,C:\Users\prith\Downloads\Lab automation\LabVision-AI\datasets\labos_backcam_people\review_backcam_crowded_end_23\labels_corrected\backcam_end23_f017406_c22_expected23.txt,C:\Users\prith\Downloads\Lab automation\LabVision-AI\datasets\labos_backcam_people\review_backcam_crowded_end_23\review_overlay\backcam_end23_f017406_c22_expected23.jpg,C:\Users\prith\Downloads\Lab automation\LabVision-AI\datasets\labos_backcam_people\review_backcam_crowded_end_23\review_overlay_lowconf_hints\backcam_end23_f017406_c22_expected23.jpg
17481,699.24,22,24,23,C:\Users\prith\Downloads\Lab automation\LabVision-AI\datasets\labos_backcam_people\review_backcam_crowded_end_23\images_raw\backcam_end23_f017481_c22_expected23.jpg,C:\Users\prith\Downloads\Lab automation\LabVision-AI\datasets\labos_backcam_people\review_backcam_crowded_end_23\labels_start\backcam_end23_f017481_c22_expected23.txt,C:\Users\prith\Downloads\Lab automation\LabVision-AI\datasets\labos_backcam_people\review_backcam_crowded_end_23\labels_corrected\backcam_end23_f017481_c22_expected23.txt,C:\Users\prith\Downloads\Lab automation\LabVision-AI\datasets\labos_backcam_people\review_backcam_crowded_end_23\review_overlay\backcam_end23_f017481_c22_expected23.jpg,C:\Users\prith\Downloads\Lab automation\LabVision-AI\datasets\labos_backcam_people\review_backcam_crowded_end_23\review_overlay_lowconf_hints\backcam_end23_f017481_c22_expected23.jpg
17556,702.24,22,23,23,C:\Users\prith\Downloads\Lab automation\LabVision-AI\datasets\labos_backcam_people\review_backcam_crowded_end_23\images_raw\backcam_end23_f017556_c22_expected23.jpg,C:\Users\prith\Downloads\Lab automation\LabVision-AI\datasets\labos_backcam_people\review_backcam_crowded_end_23\labels_start\backcam_end23_f017556_c22_expected23.txt,C:\Users\prith\Downloads\Lab automation\LabVision-AI\datasets\labos_backcam_people\review_backcam_crowded_end_23\labels_corrected\backcam_end23_f017556_c22_expected23.txt,C:\Users\prith\Downloads\Lab automation\LabVision-AI\datasets\labos_backcam_people\review_backcam_crowded_end_23\review_overlay\backcam_end23_f017556_c22_expected23.jpg,C:\Users\prith\Downloads\Lab automation\LabVision-AI\datasets\labos_backcam_people\review_backcam_crowded_end_23\review_overlay_lowconf_hints\backcam_end23_f017556_c22_expected23.jpg
17631,705.24,22,22,23,C:\Users\prith\Downloads\Lab automation\LabVision-AI\datasets\labos_backcam_people\review_backcam_crowded_end_23\images_raw\backcam_end23_f017631_c22_expected23.jpg,C:\Users\prith\Downloads\Lab automation\LabVision-AI\datasets\labos_backcam_people\review_backcam_crowded_end_23\labels_start\backcam_end23_f017631_c22_expected23.txt,C:\Users\prith\Downloads\Lab automation\LabVision-AI\datasets\labos_backcam_people\review_backcam_crowded_end_23\labels_corrected\backcam_end23_f017631_c22_expected23.txt,C:\Users\prith\Downloads\Lab automation\LabVision-AI\datasets\labos_backcam_people\review_backcam_crowded_end_23\review_overlay\backcam_end23_f017631_c22_expected23.jpg,C:\Users\prith\Downloads\Lab automation\LabVision-AI\datasets\labos_backcam_people\review_backcam_crowded_end_23\review_overlay_lowconf_hints\backcam_end23_f017631_c22_expected23.jpg
17706,708.24,21,22,23,C:\Users\prith\Downloads\Lab automation\LabVision-AI\datasets\labos_backcam_people\review_backcam_crowded_end_23\images_raw\backcam_end23_f017706_c21_expected23.jpg,C:\Users\prith\Downloads\Lab automation\LabVision-AI\datasets\labos_backcam_people\review_backcam_crowded_end_23\labels_start\backcam_end23_f017706_c21_expected23.txt,C:\Users\prith\Downloads\Lab automation\LabVision-AI\datasets\labos_backcam_people\review_backcam_crowded_end_23\labels_corrected\backcam_end23_f017706_c21_expected23.txt,C:\Users\prith\Downloads\Lab automation\LabVision-AI\datasets\labos_backcam_people\review_backcam_crowded_end_23\review_overlay\backcam_end23_f017706_c21_expected23.jpg,C:\Users\prith\Downloads\Lab automation\LabVision-AI\datasets\labos_backcam_people\review_backcam_crowded_end_23\review_overlay_lowconf_hints\backcam_end23_f017706_c21_expected23.jpg
17781,711.24,21,22,23,C:\Users\prith\Downloads\Lab automation\LabVision-AI\datasets\labos_backcam_people\review_backcam_crowded_end_23\images_raw\backcam_end23_f017781_c21_expected23.jpg,C:\Users\prith\Downloads\Lab automation\LabVision-AI\datasets\labos_backcam_people\review_backcam_crowded_end_23\labels_start\backcam_end23_f017781_c21_expected23.txt,C:\Users\prith\Downloads\Lab automation\LabVision-AI\datasets\labos_backcam_people\review_backcam_crowded_end_23\labels_corrected\backcam_end23_f017781_c21_expected23.txt,C:\Users\prith\Downloads\Lab automation\LabVision-AI\datasets\labos_backcam_people\review_backcam_crowded_end_23\review_overlay\backcam_end23_f017781_c21_expected23.jpg,C:\Users\prith\Downloads\Lab automation\LabVision-AI\datasets\labos_backcam_people\review_backcam_crowded_end_23\review_overlay_lowconf_hints\backcam_end23_f017781_c21_expected23.jpg
17856,714.24,21,22,23,C:\Users\prith\Downloads\Lab automation\LabVision-AI\datasets\labos_backcam_people\review_backcam_crowded_end_23\images_raw\backcam_end23_f017856_c21_expected23.jpg,C:\Users\prith\Downloads\Lab automation\LabVision-AI\datasets\labos_backcam_people\review_backcam_crowded_end_23\labels_start\backcam_end23_f017856_c21_expected23.txt,C:\Users\prith\Downloads\Lab automation\LabVision-AI\datasets\labos_backcam_people\review_backcam_crowded_end_23\labels_corrected\backcam_end23_f017856_c21_expected23.txt,C:\Users\prith\Downloads\Lab automation\LabVision-AI\datasets\labos_backcam_people\review_backcam_crowded_end_23\review_overlay\backcam_end23_f017856_c21_expected23.jpg,C:\Users\prith\Downloads\Lab automation\LabVision-AI\datasets\labos_backcam_people\review_backcam_crowded_end_23\review_overlay_lowconf_hints\backcam_end23_f017856_c21_expected23.jpg
17931,717.24,19,22,23,C:\Users\prith\Downloads\Lab automation\LabVision-AI\datasets\labos_backcam_people\review_backcam_crowded_end_23\images_raw\backcam_end23_f017931_c19_expected23.jpg,C:\Users\prith\Downloads\Lab automation\LabVision-AI\datasets\labos_backcam_people\review_backcam_crowded_end_23\labels_start\backcam_end23_f017931_c19_expected23.txt,C:\Users\prith\Downloads\Lab automation\LabVision-AI\datasets\labos_backcam_people\review_backcam_crowded_end_23\labels_corrected\backcam_end23_f017931_c19_expected23.txt,C:\Users\prith\Downloads\Lab automation\LabVision-AI\datasets\labos_backcam_people\review_backcam_crowded_end_23\review_overlay\backcam_end23_f017931_c19_expected23.jpg,C:\Users\prith\Downloads\Lab automation\LabVision-AI\datasets\labos_backcam_people\review_backcam_crowded_end_23\review_overlay_lowconf_hints\backcam_end23_f017931_c19_expected23.jpg
18006,720.24,20,22,23,C:\Users\prith\Downloads\Lab automation\LabVision-AI\datasets\labos_backcam_people\review_backcam_crowded_end_23\images_raw\backcam_end23_f018006_c20_expected23.jpg,C:\Users\prith\Downloads\Lab automation\LabVision-AI\datasets\labos_backcam_people\review_backcam_crowded_end_23\labels_start\backcam_end23_f018006_c20_expected23.txt,C:\Users\prith\Downloads\Lab automation\LabVision-AI\datasets\labos_backcam_people\review_backcam_crowded_end_23\labels_corrected\backcam_end23_f018006_c20_expected23.txt,C:\Users\prith\Downloads\Lab automation\LabVision-AI\datasets\labos_backcam_people\review_backcam_crowded_end_23\review_overlay\backcam_end23_f018006_c20_expected23.jpg,C:\Users\prith\Downloads\Lab automation\LabVision-AI\datasets\labos_backcam_people\review_backcam_crowded_end_23\review_overlay_lowconf_hints\backcam_end23_f018006_c20_expected23.jpg
18081,723.24,20,23,23,C:\Users\prith\Downloads\Lab automation\LabVision-AI\datasets\labos_backcam_people\review_backcam_crowded_end_23\images_raw\backcam_end23_f018081_c20_expected23.jpg,C:\Users\prith\Downloads\Lab automation\LabVision-AI\datasets\labos_backcam_people\review_backcam_crowded_end_23\labels_start\backcam_end23_f018081_c20_expected23.txt,C:\Users\prith\Downloads\Lab automation\LabVision-AI\datasets\labos_backcam_people\review_backcam_crowded_end_23\labels_corrected\backcam_end23_f018081_c20_expected23.txt,C:\Users\prith\Downloads\Lab automation\LabVision-AI\datasets\labos_backcam_people\review_backcam_crowded_end_23\review_overlay\backcam_end23_f018081_c20_expected23.jpg,C:\Users\prith\Downloads\Lab automation\LabVision-AI\datasets\labos_backcam_people\review_backcam_crowded_end_23\review_overlay_lowconf_hints\backcam_end23_f018081_c20_expected23.jpg
18156,726.24,21,22,23,C:\Users\prith\Downloads\Lab automation\LabVision-AI\datasets\labos_backcam_people\review_backcam_crowded_end_23\images_raw\backcam_end23_f018156_c21_expected23.jpg,C:\Users\prith\Downloads\Lab automation\LabVision-AI\datasets\labos_backcam_people\review_backcam_crowded_end_23\labels_start\backcam_end23_f018156_c21_expected23.txt,C:\Users\prith\Downloads\Lab automation\LabVision-AI\datasets\labos_backcam_people\review_backcam_crowded_end_23\labels_corrected\backcam_end23_f018156_c21_expected23.txt,C:\Users\prith\Downloads\Lab automation\LabVision-AI\datasets\labos_backcam_people\review_backcam_crowded_end_23\review_overlay\backcam_end23_f018156_c21_expected23.jpg,C:\Users\prith\Downloads\Lab automation\LabVision-AI\datasets\labos_backcam_people\review_backcam_crowded_end_23\review_overlay_lowconf_hints\backcam_end23_f018156_c21_expected23.jpg
18231,729.24,20,23,23,C:\Users\prith\Downloads\Lab automation\LabVision-AI\datasets\labos_backcam_people\review_backcam_crowded_end_23\images_raw\backcam_end23_f018231_c20_expected23.jpg,C:\Users\prith\Downloads\Lab automation\LabVision-AI\datasets\labos_backcam_people\review_backcam_crowded_end_23\labels_start\backcam_end23_f018231_c20_expected23.txt,C:\Users\prith\Downloads\Lab automation\LabVision-AI\datasets\labos_backcam_people\review_backcam_crowded_end_23\labels_corrected\backcam_end23_f018231_c20_expected23.txt,C:\Users\prith\Downloads\Lab automation\LabVision-AI\datasets\labos_backcam_people\review_backcam_crowded_end_23\review_overlay\backcam_end23_f018231_c20_expected23.jpg,C:\Users\prith\Downloads\Lab automation\LabVision-AI\datasets\labos_backcam_people\review_backcam_crowded_end_23\review_overlay_lowconf_hints\backcam_end23_f018231_c20_expected23.jpg
18306,732.24,20,21,23,C:\Users\prith\Downloads\Lab automation\LabVision-AI\datasets\labos_backcam_people\review_backcam_crowded_end_23\images_raw\backcam_end23_f018306_c20_expected23.jpg,C:\Users\prith\Downloads\Lab automation\LabVision-AI\datasets\labos_backcam_people\review_backcam_crowded_end_23\labels_start\backcam_end23_f018306_c20_expected23.txt,C:\Users\prith\Downloads\Lab automation\LabVision-AI\datasets\labos_backcam_people\review_backcam_crowded_end_23\labels_corrected\backcam_end23_f018306_c20_expected23.txt,C:\Users\prith\Downloads\Lab automation\LabVision-AI\datasets\labos_backcam_people\review_backcam_crowded_end_23\review_overlay\backcam_end23_f018306_c20_expected23.jpg,C:\Users\prith\Downloads\Lab automation\LabVision-AI\datasets\labos_backcam_people\review_backcam_crowded_end_23\review_overlay_lowconf_hints\backcam_end23_f018306_c20_expected23.jpg
18381,735.24,20,23,23,C:\Users\prith\Downloads\Lab automation\LabVision-AI\datasets\labos_backcam_people\review_backcam_crowded_end_23\images_raw\backcam_end23_f018381_c20_expected23.jpg,C:\Users\prith\Downloads\Lab automation\LabVision-AI\datasets\labos_backcam_people\review_backcam_crowded_end_23\labels_start\backcam_end23_f018381_c20_expected23.txt,C:\Users\prith\Downloads\Lab automation\LabVision-AI\datasets\labos_backcam_people\review_backcam_crowded_end_23\labels_corrected\backcam_end23_f018381_c20_expected23.txt,C:\Users\prith\Downloads\Lab automation\LabVision-AI\datasets\labos_backcam_people\review_backcam_crowded_end_23\review_overlay\backcam_end23_f018381_c20_expected23.jpg,C:\Users\prith\Downloads\Lab automation\LabVision-AI\datasets\labos_backcam_people\review_backcam_crowded_end_23\review_overlay_lowconf_hints\backcam_end23_f018381_c20_expected23.jpg
18456,738.24,20,20,23,C:\Users\prith\Downloads\Lab automation\LabVision-AI\datasets\labos_backcam_people\review_backcam_crowded_end_23\images_raw\backcam_end23_f018456_c20_expected23.jpg,C:\Users\prith\Downloads\Lab automation\LabVision-AI\datasets\labos_backcam_people\review_backcam_crowded_end_23\labels_start\backcam_end23_f018456_c20_expected23.txt,C:\Users\prith\Downloads\Lab automation\LabVision-AI\datasets\labos_backcam_people\review_backcam_crowded_end_23\labels_corrected\backcam_end23_f018456_c20_expected23.txt,C:\Users\prith\Downloads\Lab automation\LabVision-AI\datasets\labos_backcam_people\review_backcam_crowded_end_23\review_overlay\backcam_end23_f018456_c20_expected23.jpg,C:\Users\prith\Downloads\Lab automation\LabVision-AI\datasets\labos_backcam_people\review_backcam_crowded_end_23\review_overlay_lowconf_hints\backcam_end23_f018456_c20_expected23.jpg
18531,741.24,21,22,23,C:\Users\prith\Downloads\Lab automation\LabVision-AI\datasets\labos_backcam_people\review_backcam_crowded_end_23\images_raw\backcam_end23_f018531_c21_expected23.jpg,C:\Users\prith\Downloads\Lab automation\LabVision-AI\datasets\labos_backcam_people\review_backcam_crowded_end_23\labels_start\backcam_end23_f018531_c21_expected23.txt,C:\Users\prith\Downloads\Lab automation\LabVision-AI\datasets\labos_backcam_people\review_backcam_crowded_end_23\labels_corrected\backcam_end23_f018531_c21_expected23.txt,C:\Users\prith\Downloads\Lab automation\LabVision-AI\datasets\labos_backcam_people\review_backcam_crowded_end_23\review_overlay\backcam_end23_f018531_c21_expected23.jpg,C:\Users\prith\Downloads\Lab automation\LabVision-AI\datasets\labos_backcam_people\review_backcam_crowded_end_23\review_overlay_lowconf_hints\backcam_end23_f018531_c21_expected23.jpg
18606,744.24,21,23,23,C:\Users\prith\Downloads\Lab automation\LabVision-AI\datasets\labos_backcam_people\review_backcam_crowded_end_23\images_raw\backcam_end23_f018606_c21_expected23.jpg,C:\Users\prith\Downloads\Lab automation\LabVision-AI\datasets\labos_backcam_people\review_backcam_crowded_end_23\labels_start\backcam_end23_f018606_c21_expected23.txt,C:\Users\prith\Downloads\Lab automation\LabVision-AI\datasets\labos_backcam_people\review_backcam_crowded_end_23\labels_corrected\backcam_end23_f018606_c21_expected23.txt,C:\Users\prith\Downloads\Lab automation\LabVision-AI\datasets\labos_backcam_people\review_backcam_crowded_end_23\review_overlay\backcam_end23_f018606_c21_expected23.jpg,C:\Users\prith\Downloads\Lab automation\LabVision-AI\datasets\labos_backcam_people\review_backcam_crowded_end_23\review_overlay_lowconf_hints\backcam_end23_f018606_c21_expected23.jpg
18681,747.24,21,23,23,C:\Users\prith\Downloads\Lab automation\LabVision-AI\datasets\labos_backcam_people\review_backcam_crowded_end_23\images_raw\backcam_end23_f018681_c21_expected23.jpg,C:\Users\prith\Downloads\Lab automation\LabVision-AI\datasets\labos_backcam_people\review_backcam_crowded_end_23\labels_start\backcam_end23_f018681_c21_expected23.txt,C:\Users\prith\Downloads\Lab automation\LabVision-AI\datasets\labos_backcam_people\review_backcam_crowded_end_23\labels_corrected\backcam_end23_f018681_c21_expected23.txt,C:\Users\prith\Downloads\Lab automation\LabVision-AI\datasets\labos_backcam_people\review_backcam_crowded_end_23\review_overlay\backcam_end23_f018681_c21_expected23.jpg,C:\Users\prith\Downloads\Lab automation\LabVision-AI\datasets\labos_backcam_people\review_backcam_crowded_end_23\review_overlay_lowconf_hints\backcam_end23_f018681_c21_expected23.jpg
18756,750.24,21,22,23,C:\Users\prith\Downloads\Lab automation\LabVision-AI\datasets\labos_backcam_people\review_backcam_crowded_end_23\images_raw\backcam_end23_f018756_c21_expected23.jpg,C:\Users\prith\Downloads\Lab automation\LabVision-AI\datasets\labos_backcam_people\review_backcam_crowded_end_23\labels_start\backcam_end23_f018756_c21_expected23.txt,C:\Users\prith\Downloads\Lab automation\LabVision-AI\datasets\labos_backcam_people\review_backcam_crowded_end_23\labels_corrected\backcam_end23_f018756_c21_expected23.txt,C:\Users\prith\Downloads\Lab automation\LabVision-AI\datasets\labos_backcam_people\review_backcam_crowded_end_23\review_overlay\backcam_end23_f018756_c21_expected23.jpg,C:\Users\prith\Downloads\Lab automation\LabVision-AI\datasets\labos_backcam_people\review_backcam_crowded_end_23\review_overlay_lowconf_hints\backcam_end23_f018756_c21_expected23.jpg
18831,753.24,21,22,23,C:\Users\prith\Downloads\Lab automation\LabVision-AI\datasets\labos_backcam_people\review_backcam_crowded_end_23\images_raw\backcam_end23_f018831_c21_expected23.jpg,C:\Users\prith\Downloads\Lab automation\LabVision-AI\datasets\labos_backcam_people\review_backcam_crowded_end_23\labels_start\backcam_end23_f018831_c21_expected23.txt,C:\Users\prith\Downloads\Lab automation\LabVision-AI\datasets\labos_backcam_people\review_backcam_crowded_end_23\labels_corrected\backcam_end23_f018831_c21_expected23.txt,C:\Users\prith\Downloads\Lab automation\LabVision-AI\datasets\labos_backcam_people\review_backcam_crowded_end_23\review_overlay\backcam_end23_f018831_c21_expected23.jpg,C:\Users\prith\Downloads\Lab automation\LabVision-AI\datasets\labos_backcam_people\review_backcam_crowded_end_23\review_overlay_lowconf_hints\backcam_end23_f018831_c21_expected23.jpg
18906,756.24,20,24,23,C:\Users\prith\Downloads\Lab automation\LabVision-AI\datasets\labos_backcam_people\review_backcam_crowded_end_23\images_raw\backcam_end23_f018906_c20_expected23.jpg,C:\Users\prith\Downloads\Lab automation\LabVision-AI\datasets\labos_backcam_people\review_backcam_crowded_end_23\labels_start\backcam_end23_f018906_c20_expected23.txt,C:\Users\prith\Downloads\Lab automation\LabVision-AI\datasets\labos_backcam_people\review_backcam_crowded_end_23\labels_corrected\backcam_end23_f018906_c20_expected23.txt,C:\Users\prith\Downloads\Lab automation\LabVision-AI\datasets\labos_backcam_people\review_backcam_crowded_end_23\review_overlay\backcam_end23_f018906_c20_expected23.jpg,C:\Users\prith\Downloads\Lab automation\LabVision-AI\datasets\labos_backcam_people\review_backcam_crowded_end_23\review_overlay_lowconf_hints\backcam_end23_f018906_c20_expected23.jpg
18981,759.24,21,25,23,C:\Users\prith\Downloads\Lab automation\LabVision-AI\datasets\labos_backcam_people\review_backcam_crowded_end_23\images_raw\backcam_end23_f018981_c21_expected23.jpg,C:\Users\prith\Downloads\Lab automation\LabVision-AI\datasets\labos_backcam_people\review_backcam_crowded_end_23\labels_start\backcam_end23_f018981_c21_expected23.txt,C:\Users\prith\Downloads\Lab automation\LabVision-AI\datasets\labos_backcam_people\review_backcam_crowded_end_23\labels_corrected\backcam_end23_f018981_c21_expected23.txt,C:\Users\prith\Downloads\Lab automation\LabVision-AI\datasets\labos_backcam_people\review_backcam_crowded_end_23\review_overlay\backcam_end23_f018981_c21_expected23.jpg,C:\Users\prith\Downloads\Lab automation\LabVision-AI\datasets\labos_backcam_people\review_backcam_crowded_end_23\review_overlay_lowconf_hints\backcam_end23_f018981_c21_expected23.jpg
19056,762.24,20,22,23,C:\Users\prith\Downloads\Lab automation\LabVision-AI\datasets\labos_backcam_people\review_backcam_crowded_end_23\images_raw\backcam_end23_f019056_c20_expected23.jpg,C:\Users\prith\Downloads\Lab automation\LabVision-AI\datasets\labos_backcam_people\review_backcam_crowded_end_23\labels_start\backcam_end23_f019056_c20_expected23.txt,C:\Users\prith\Downloads\Lab automation\LabVision-AI\datasets\labos_backcam_people\review_backcam_crowded_end_23\labels_corrected\backcam_end23_f019056_c20_expected23.txt,C:\Users\prith\Downloads\Lab automation\LabVision-AI\datasets\labos_backcam_people\review_backcam_crowded_end_23\review_overlay\backcam_end23_f019056_c20_expected23.jpg,C:\Users\prith\Downloads\Lab automation\LabVision-AI\datasets\labos_backcam_people\review_backcam_crowded_end_23\review_overlay_lowconf_hints\backcam_end23_f019056_c20_expected23.jpg
19131,765.24,20,24,23,C:\Users\prith\Downloads\Lab automation\LabVision-AI\datasets\labos_backcam_people\review_backcam_crowded_end_23\images_raw\backcam_end23_f019131_c20_expected23.jpg,C:\Users\prith\Downloads\Lab automation\LabVision-AI\datasets\labos_backcam_people\review_backcam_crowded_end_23\labels_start\backcam_end23_f019131_c20_expected23.txt,C:\Users\prith\Downloads\Lab automation\LabVision-AI\datasets\labos_backcam_people\review_backcam_crowded_end_23\labels_corrected\backcam_end23_f019131_c20_expected23.txt,C:\Users\prith\Downloads\Lab automation\LabVision-AI\datasets\labos_backcam_people\review_backcam_crowded_end_23\review_overlay\backcam_end23_f019131_c20_expected23.jpg,C:\Users\prith\Downloads\Lab automation\LabVision-AI\datasets\labos_backcam_people\review_backcam_crowded_end_23\review_overlay_lowconf_hints\backcam_end23_f019131_c20_expected23.jpg
19206,768.24,21,22,23,C:\Users\prith\Downloads\Lab automation\LabVision-AI\datasets\labos_backcam_people\review_backcam_crowded_end_23\images_raw\backcam_end23_f019206_c21_expected23.jpg,C:\Users\prith\Downloads\Lab automation\LabVision-AI\datasets\labos_backcam_people\review_backcam_crowded_end_23\labels_start\backcam_end23_f019206_c21_expected23.txt,C:\Users\prith\Downloads\Lab automation\LabVision-AI\datasets\labos_backcam_people\review_backcam_crowded_end_23\labels_corrected\backcam_end23_f019206_c21_expected23.txt,C:\Users\prith\Downloads\Lab automation\LabVision-AI\datasets\labos_backcam_people\review_backcam_crowded_end_23\review_overlay\backcam_end23_f019206_c21_expected23.jpg,C:\Users\prith\Downloads\Lab automation\LabVision-AI\datasets\labos_backcam_people\review_backcam_crowded_end_23\review_overlay_lowconf_hints\backcam_end23_f019206_c21_expected23.jpg
19281,771.24,21,23,23,C:\Users\prith\Downloads\Lab automation\LabVision-AI\datasets\labos_backcam_people\review_backcam_crowded_end_23\images_raw\backcam_end23_f019281_c21_expected23.jpg,C:\Users\prith\Downloads\Lab automation\LabVision-AI\datasets\labos_backcam_people\review_backcam_crowded_end_23\labels_start\backcam_end23_f019281_c21_expected23.txt,C:\Users\prith\Downloads\Lab automation\LabVision-AI\datasets\labos_backcam_people\review_backcam_crowded_end_23\labels_corrected\backcam_end23_f019281_c21_expected23.txt,C:\Users\prith\Downloads\Lab automation\LabVision-AI\datasets\labos_backcam_people\review_backcam_crowded_end_23\review_overlay\backcam_end23_f019281_c21_expected23.jpg,C:\Users\prith\Downloads\Lab automation\LabVision-AI\datasets\labos_backcam_people\review_backcam_crowded_end_23\review_overlay_lowconf_hints\backcam_end23_f019281_c21_expected23.jpg
19356,774.24,20,20,23,C:\Users\prith\Downloads\Lab automation\LabVision-AI\datasets\labos_backcam_people\review_backcam_crowded_end_23\images_raw\backcam_end23_f019356_c20_expected23.jpg,C:\Users\prith\Downloads\Lab automation\LabVision-AI\datasets\labos_backcam_people\review_backcam_crowded_end_23\labels_start\backcam_end23_f019356_c20_expected23.txt,C:\Users\prith\Downloads\Lab automation\LabVision-AI\datasets\labos_backcam_people\review_backcam_crowded_end_23\labels_corrected\backcam_end23_f019356_c20_expected23.txt,C:\Users\prith\Downloads\Lab automation\LabVision-AI\datasets\labos_backcam_people\review_backcam_crowded_end_23\review_overlay\backcam_end23_f019356_c20_expected23.jpg,C:\Users\prith\Downloads\Lab automation\LabVision-AI\datasets\labos_backcam_people\review_backcam_crowded_end_23\review_overlay_lowconf_hints\backcam_end23_f019356_c20_expected23.jpg
19431,777.24,20,22,23,C:\Users\prith\Downloads\Lab automation\LabVision-AI\datasets\labos_backcam_people\review_backcam_crowded_end_23\images_raw\backcam_end23_f019431_c20_expected23.jpg,C:\Users\prith\Downloads\Lab automation\LabVision-AI\datasets\labos_backcam_people\review_backcam_crowded_end_23\labels_start\backcam_end23_f019431_c20_expected23.txt,C:\Users\prith\Downloads\Lab automation\LabVision-AI\datasets\labos_backcam_people\review_backcam_crowded_end_23\labels_corrected\backcam_end23_f019431_c20_expected23.txt,C:\Users\prith\Downloads\Lab automation\LabVision-AI\datasets\labos_backcam_people\review_backcam_crowded_end_23\review_overlay\backcam_end23_f019431_c20_expected23.jpg,C:\Users\prith\Downloads\Lab automation\LabVision-AI\datasets\labos_backcam_people\review_backcam_crowded_end_23\review_overlay_lowconf_hints\backcam_end23_f019431_c20_expected23.jpg
19506,780.24,19,20,23,C:\Users\prith\Downloads\Lab automation\LabVision-AI\datasets\labos_backcam_people\review_backcam_crowded_end_23\images_raw\backcam_end23_f019506_c19_expected23.jpg,C:\Users\prith\Downloads\Lab automation\LabVision-AI\datasets\labos_backcam_people\review_backcam_crowded_end_23\labels_start\backcam_end23_f019506_c19_expected23.txt,C:\Users\prith\Downloads\Lab automation\LabVision-AI\datasets\labos_backcam_people\review_backcam_crowded_end_23\labels_corrected\backcam_end23_f019506_c19_expected23.txt,C:\Users\prith\Downloads\Lab automation\LabVision-AI\datasets\labos_backcam_people\review_backcam_crowded_end_23\review_overlay\backcam_end23_f019506_c19_expected23.jpg,C:\Users\prith\Downloads\Lab automation\LabVision-AI\datasets\labos_backcam_people\review_backcam_crowded_end_23\review_overlay_lowconf_hints\backcam_end23_f019506_c19_expected23.jpg
19581,783.24,20,22,23,C:\Users\prith\Downloads\Lab automation\LabVision-AI\datasets\labos_backcam_people\review_backcam_crowded_end_23\images_raw\backcam_end23_f019581_c20_expected23.jpg,C:\Users\prith\Downloads\Lab automation\LabVision-AI\datasets\labos_backcam_people\review_backcam_crowded_end_23\labels_start\backcam_end23_f019581_c20_expected23.txt,C:\Users\prith\Downloads\Lab automation\LabVision-AI\datasets\labos_backcam_people\review_backcam_crowded_end_23\labels_corrected\backcam_end23_f019581_c20_expected23.txt,C:\Users\prith\Downloads\Lab automation\LabVision-AI\datasets\labos_backcam_people\review_backcam_crowded_end_23\review_overlay\backcam_end23_f019581_c20_expected23.jpg,C:\Users\prith\Downloads\Lab automation\LabVision-AI\datasets\labos_backcam_people\review_backcam_crowded_end_23\review_overlay_lowconf_hints\backcam_end23_f019581_c20_expected23.jpg
19656,786.24,21,21,23,C:\Users\prith\Downloads\Lab automation\LabVision-AI\datasets\labos_backcam_people\review_backcam_crowded_end_23\images_raw\backcam_end23_f019656_c21_expected23.jpg,C:\Users\prith\Downloads\Lab automation\LabVision-AI\datasets\labos_backcam_people\review_backcam_crowded_end_23\labels_start\backcam_end23_f019656_c21_expected23.txt,C:\Users\prith\Downloads\Lab automation\LabVision-AI\datasets\labos_backcam_people\review_backcam_crowded_end_23\labels_corrected\backcam_end23_f019656_c21_expected23.txt,C:\Users\prith\Downloads\Lab automation\LabVision-AI\datasets\labos_backcam_people\review_backcam_crowded_end_23\review_overlay\backcam_end23_f019656_c21_expected23.jpg,C:\Users\prith\Downloads\Lab automation\LabVision-AI\datasets\labos_backcam_people\review_backcam_crowded_end_23\review_overlay_lowconf_hints\backcam_end23_f019656_c21_expected23.jpg
19731,789.24,19,21,23,C:\Users\prith\Downloads\Lab automation\LabVision-AI\datasets\labos_backcam_people\review_backcam_crowded_end_23\images_raw\backcam_end23_f019731_c19_expected23.jpg,C:\Users\prith\Downloads\Lab automation\LabVision-AI\datasets\labos_backcam_people\review_backcam_crowded_end_23\labels_start\backcam_end23_f019731_c19_expected23.txt,C:\Users\prith\Downloads\Lab automation\LabVision-AI\datasets\labos_backcam_people\review_backcam_crowded_end_23\labels_corrected\backcam_end23_f019731_c19_expected23.txt,C:\Users\prith\Downloads\Lab automation\LabVision-AI\datasets\labos_backcam_people\review_backcam_crowded_end_23\review_overlay\backcam_end23_f019731_c19_expected23.jpg,C:\Users\prith\Downloads\Lab automation\LabVision-AI\datasets\labos_backcam_people\review_backcam_crowded_end_23\review_overlay_lowconf_hints\backcam_end23_f019731_c19_expected23.jpg
19806,792.24,20,20,23,C:\Users\prith\Downloads\Lab automation\LabVision-AI\datasets\labos_backcam_people\review_backcam_crowded_end_23\images_raw\backcam_end23_f019806_c20_expected23.jpg,C:\Users\prith\Downloads\Lab automation\LabVision-AI\datasets\labos_backcam_people\review_backcam_crowded_end_23\labels_start\backcam_end23_f019806_c20_expected23.txt,C:\Users\prith\Downloads\Lab automation\LabVision-AI\datasets\labos_backcam_people\review_backcam_crowded_end_23\labels_corrected\backcam_end23_f019806_c20_expected23.txt,C:\Users\prith\Downloads\Lab automation\LabVision-AI\datasets\labos_backcam_people\review_backcam_crowded_end_23\review_overlay\backcam_end23_f019806_c20_expected23.jpg,C:\Users\prith\Downloads\Lab automation\LabVision-AI\datasets\labos_backcam_people\review_backcam_crowded_end_23\review_overlay_lowconf_hints\backcam_end23_f019806_c20_expected23.jpg
19881,795.24,21,21,23,C:\Users\prith\Downloads\Lab automation\LabVision-AI\datasets\labos_backcam_people\review_backcam_crowded_end_23\images_raw\backcam_end23_f019881_c21_expected23.jpg,C:\Users\prith\Downloads\Lab automation\LabVision-AI\datasets\labos_backcam_people\review_backcam_crowded_end_23\labels_start\backcam_end23_f019881_c21_expected23.txt,C:\Users\prith\Downloads\Lab automation\LabVision-AI\datasets\labos_backcam_people\review_backcam_crowded_end_23\labels_corrected\backcam_end23_f019881_c21_expected23.txt,C:\Users\prith\Downloads\Lab automation\LabVision-AI\datasets\labos_backcam_people\review_backcam_crowded_end_23\review_overlay\backcam_end23_f019881_c21_expected23.jpg,C:\Users\prith\Downloads\Lab automation\LabVision-AI\datasets\labos_backcam_people\review_backcam_crowded_end_23\review_overlay_lowconf_hints\backcam_end23_f019881_c21_expected23.jpg
19956,798.24,21,23,23,C:\Users\prith\Downloads\Lab automation\LabVision-AI\datasets\labos_backcam_people\review_backcam_crowded_end_23\images_raw\backcam_end23_f019956_c21_expected23.jpg,C:\Users\prith\Downloads\Lab automation\LabVision-AI\datasets\labos_backcam_people\review_backcam_crowded_end_23\labels_start\backcam_end23_f019956_c21_expected23.txt,C:\Users\prith\Downloads\Lab automation\LabVision-AI\datasets\labos_backcam_people\review_backcam_crowded_end_23\labels_corrected\backcam_end23_f019956_c21_expected23.txt,C:\Users\prith\Downloads\Lab automation\LabVision-AI\datasets\labos_backcam_people\review_backcam_crowded_end_23\review_overlay\backcam_end23_f019956_c21_expected23.jpg,C:\Users\prith\Downloads\Lab automation\LabVision-AI\datasets\labos_backcam_people\review_backcam_crowded_end_23\review_overlay_lowconf_hints\backcam_end23_f019956_c21_expected23.jpg
20031,801.24,20,23,23,C:\Users\prith\Downloads\Lab automation\LabVision-AI\datasets\labos_backcam_people\review_backcam_crowded_end_23\images_raw\backcam_end23_f020031_c20_expected23.jpg,C:\Users\prith\Downloads\Lab automation\LabVision-AI\datasets\labos_backcam_people\review_backcam_crowded_end_23\labels_start\backcam_end23_f020031_c20_expected23.txt,C:\Users\prith\Downloads\Lab automation\LabVision-AI\datasets\labos_backcam_people\review_backcam_crowded_end_23\labels_corrected\backcam_end23_f020031_c20_expected23.txt,C:\Users\prith\Downloads\Lab automation\LabVision-AI\datasets\labos_backcam_people\review_backcam_crowded_end_23\review_overlay\backcam_end23_f020031_c20_expected23.jpg,C:\Users\prith\Downloads\Lab automation\LabVision-AI\datasets\labos_backcam_people\review_backcam_crowded_end_23\review_overlay_lowconf_hints\backcam_end23_f020031_c20_expected23.jpg
20106,804.24,20,24,23,C:\Users\prith\Downloads\Lab automation\LabVision-AI\datasets\labos_backcam_people\review_backcam_crowded_end_23\images_raw\backcam_end23_f020106_c20_expected23.jpg,C:\Users\prith\Downloads\Lab automation\LabVision-AI\datasets\labos_backcam_people\review_backcam_crowded_end_23\labels_start\backcam_end23_f020106_c20_expected23.txt,C:\Users\prith\Downloads\Lab automation\LabVision-AI\datasets\labos_backcam_people\review_backcam_crowded_end_23\labels_corrected\backcam_end23_f020106_c20_expected23.txt,C:\Users\prith\Downloads\Lab automation\LabVision-AI\datasets\labos_backcam_people\review_backcam_crowded_end_23\review_overlay\backcam_end23_f020106_c20_expected23.jpg,C:\Users\prith\Downloads\Lab automation\LabVision-AI\datasets\labos_backcam_people\review_backcam_crowded_end_23\review_overlay_lowconf_hints\backcam_end23_f020106_c20_expected23.jpg
20181,807.24,19,21,23,C:\Users\prith\Downloads\Lab automation\LabVision-AI\datasets\labos_backcam_people\review_backcam_crowded_end_23\images_raw\backcam_end23_f020181_c19_expected23.jpg,C:\Users\prith\Downloads\Lab automation\LabVision-AI\datasets\labos_backcam_people\review_backcam_crowded_end_23\labels_start\backcam_end23_f020181_c19_expected23.txt,C:\Users\prith\Downloads\Lab automation\LabVision-AI\datasets\labos_backcam_people\review_backcam_crowded_end_23\labels_corrected\backcam_end23_f020181_c19_expected23.txt,C:\Users\prith\Downloads\Lab automation\LabVision-AI\datasets\labos_backcam_people\review_backcam_crowded_end_23\review_overlay\backcam_end23_f020181_c19_expected23.jpg,C:\Users\prith\Downloads\Lab automation\LabVision-AI\datasets\labos_backcam_people\review_backcam_crowded_end_23\review_overlay_lowconf_hints\backcam_end23_f020181_c19_expected23.jpg
20256,810.24,19,22,23,C:\Users\prith\Downloads\Lab automation\LabVision-AI\datasets\labos_backcam_people\review_backcam_crowded_end_23\images_raw\backcam_end23_f020256_c19_expected23.jpg,C:\Users\prith\Downloads\Lab automation\LabVision-AI\datasets\labos_backcam_people\review_backcam_crowded_end_23\labels_start\backcam_end23_f020256_c19_expected23.txt,C:\Users\prith\Downloads\Lab automation\LabVision-AI\datasets\labos_backcam_people\review_backcam_crowded_end_23\labels_corrected\backcam_end23_f020256_c19_expected23.txt,C:\Users\prith\Downloads\Lab automation\LabVision-AI\datasets\labos_backcam_people\review_backcam_crowded_end_23\review_overlay\backcam_end23_f020256_c19_expected23.jpg,C:\Users\prith\Downloads\Lab automation\LabVision-AI\datasets\labos_backcam_people\review_backcam_crowded_end_23\review_overlay_lowconf_hints\backcam_end23_f020256_c19_expected23.jpg
20331,813.24,19,22,23,C:\Users\prith\Downloads\Lab automation\LabVision-AI\datasets\labos_backcam_people\review_backcam_crowded_end_23\images_raw\backcam_end23_f020331_c19_expected23.jpg,C:\Users\prith\Downloads\Lab automation\LabVision-AI\datasets\labos_backcam_people\review_backcam_crowded_end_23\labels_start\backcam_end23_f020331_c19_expected23.txt,C:\Users\prith\Downloads\Lab automation\LabVision-AI\datasets\labos_backcam_people\review_backcam_crowded_end_23\labels_corrected\backcam_end23_f020331_c19_expected23.txt,C:\Users\prith\Downloads\Lab automation\LabVision-AI\datasets\labos_backcam_people\review_backcam_crowded_end_23\review_overlay\backcam_end23_f020331_c19_expected23.jpg,C:\Users\prith\Downloads\Lab automation\LabVision-AI\datasets\labos_backcam_people\review_backcam_crowded_end_23\review_overlay_lowconf_hints\backcam_end23_f020331_c19_expected23.jpg
20406,816.24,19,20,23,C:\Users\prith\Downloads\Lab automation\LabVision-AI\datasets\labos_backcam_people\review_backcam_crowded_end_23\images_raw\backcam_end23_f020406_c19_expected23.jpg,C:\Users\prith\Downloads\Lab automation\LabVision-AI\datasets\labos_backcam_people\review_backcam_crowded_end_23\labels_start\backcam_end23_f020406_c19_expected23.txt,C:\Users\prith\Downloads\Lab automation\LabVision-AI\datasets\labos_backcam_people\review_backcam_crowded_end_23\labels_corrected\backcam_end23_f020406_c19_expected23.txt,C:\Users\prith\Downloads\Lab automation\LabVision-AI\datasets\labos_backcam_people\review_backcam_crowded_end_23\review_overlay\backcam_end23_f020406_c19_expected23.jpg,C:\Users\prith\Downloads\Lab automation\LabVision-AI\datasets\labos_backcam_people\review_backcam_crowded_end_23\review_overlay_lowconf_hints\backcam_end23_f020406_c19_expected23.jpg
20481,819.24,19,19,23,C:\Users\prith\Downloads\Lab automation\LabVision-AI\datasets\labos_backcam_people\review_backcam_crowded_end_23\images_raw\backcam_end23_f020481_c19_expected23.jpg,C:\Users\prith\Downloads\Lab automation\LabVision-AI\datasets\labos_backcam_people\review_backcam_crowded_end_23\labels_start\backcam_end23_f020481_c19_expected23.txt,C:\Users\prith\Downloads\Lab automation\LabVision-AI\datasets\labos_backcam_people\review_backcam_crowded_end_23\labels_corrected\backcam_end23_f020481_c19_expected23.txt,C:\Users\prith\Downloads\Lab automation\LabVision-AI\datasets\labos_backcam_people\review_backcam_crowded_end_23\review_overlay\backcam_end23_f020481_c19_expected23.jpg,C:\Users\prith\Downloads\Lab automation\LabVision-AI\datasets\labos_backcam_people\review_backcam_crowded_end_23\review_overlay_lowconf_hints\backcam_end23_f020481_c19_expected23.jpg
20556,822.24,18,21,23,C:\Users\prith\Downloads\Lab automation\LabVision-AI\datasets\labos_backcam_people\review_backcam_crowded_end_23\images_raw\backcam_end23_f020556_c18_expected23.jpg,C:\Users\prith\Downloads\Lab automation\LabVision-AI\datasets\labos_backcam_people\review_backcam_crowded_end_23\labels_start\backcam_end23_f020556_c18_expected23.txt,C:\Users\prith\Downloads\Lab automation\LabVision-AI\datasets\labos_backcam_people\review_backcam_crowded_end_23\labels_corrected\backcam_end23_f020556_c18_expected23.txt,C:\Users\prith\Downloads\Lab automation\LabVision-AI\datasets\labos_backcam_people\review_backcam_crowded_end_23\review_overlay\backcam_end23_f020556_c18_expected23.jpg,C:\Users\prith\Downloads\Lab automation\LabVision-AI\datasets\labos_backcam_people\review_backcam_crowded_end_23\review_overlay_lowconf_hints\backcam_end23_f020556_c18_expected23.jpg
20631,825.24,19,20,23,C:\Users\prith\Downloads\Lab automation\LabVision-AI\datasets\labos_backcam_people\review_backcam_crowded_end_23\images_raw\backcam_end23_f020631_c19_expected23.jpg,C:\Users\prith\Downloads\Lab automation\LabVision-AI\datasets\labos_backcam_people\review_backcam_crowded_end_23\labels_start\backcam_end23_f020631_c19_expected23.txt,C:\Users\prith\Downloads\Lab automation\LabVision-AI\datasets\labos_backcam_people\review_backcam_crowded_end_23\labels_corrected\backcam_end23_f020631_c19_expected23.txt,C:\Users\prith\Downloads\Lab automation\LabVision-AI\datasets\labos_backcam_people\review_backcam_crowded_end_23\review_overlay\backcam_end23_f020631_c19_expected23.jpg,C:\Users\prith\Downloads\Lab automation\LabVision-AI\datasets\labos_backcam_people\review_backcam_crowded_end_23\review_overlay_lowconf_hints\backcam_end23_f020631_c19_expected23.jpg
20706,828.24,18,20,23,C:\Users\prith\Downloads\Lab automation\LabVision-AI\datasets\labos_backcam_people\review_backcam_crowded_end_23\images_raw\backcam_end23_f020706_c18_expected23.jpg,C:\Users\prith\Downloads\Lab automation\LabVision-AI\datasets\labos_backcam_people\review_backcam_crowded_end_23\labels_start\backcam_end23_f020706_c18_expected23.txt,C:\Users\prith\Downloads\Lab automation\LabVision-AI\datasets\labos_backcam_people\review_backcam_crowded_end_23\labels_corrected\backcam_end23_f020706_c18_expected23.txt,C:\Users\prith\Downloads\Lab automation\LabVision-AI\datasets\labos_backcam_people\review_backcam_crowded_end_23\review_overlay\backcam_end23_f020706_c18_expected23.jpg,C:\Users\prith\Downloads\Lab automation\LabVision-AI\datasets\labos_backcam_people\review_backcam_crowded_end_23\review_overlay_lowconf_hints\backcam_end23_f020706_c18_expected23.jpg
20781,831.24,17,18,23,C:\Users\prith\Downloads\Lab automation\LabVision-AI\datasets\labos_backcam_people\review_backcam_crowded_end_23\images_raw\backcam_end23_f020781_c17_expected23.jpg,C:\Users\prith\Downloads\Lab automation\LabVision-AI\datasets\labos_backcam_people\review_backcam_crowded_end_23\labels_start\backcam_end23_f020781_c17_expected23.txt,C:\Users\prith\Downloads\Lab automation\LabVision-AI\datasets\labos_backcam_people\review_backcam_crowded_end_23\labels_corrected\backcam_end23_f020781_c17_expected23.txt,C:\Users\prith\Downloads\Lab automation\LabVision-AI\datasets\labos_backcam_people\review_backcam_crowded_end_23\review_overlay\backcam_end23_f020781_c17_expected23.jpg,C:\Users\prith\Downloads\Lab automation\LabVision-AI\datasets\labos_backcam_people\review_backcam_crowded_end_23\review_overlay_lowconf_hints\backcam_end23_f020781_c17_expected23.jpg
20856,834.24,18,20,23,C:\Users\prith\Downloads\Lab automation\LabVision-AI\datasets\labos_backcam_people\review_backcam_crowded_end_23\images_raw\backcam_end23_f020856_c18_expected23.jpg,C:\Users\prith\Downloads\Lab automation\LabVision-AI\datasets\labos_backcam_people\review_backcam_crowded_end_23\labels_start\backcam_end23_f020856_c18_expected23.txt,C:\Users\prith\Downloads\Lab automation\LabVision-AI\datasets\labos_backcam_people\review_backcam_crowded_end_23\labels_corrected\backcam_end23_f020856_c18_expected23.txt,C:\Users\prith\Downloads\Lab automation\LabVision-AI\datasets\labos_backcam_people\review_backcam_crowded_end_23\review_overlay\backcam_end23_f020856_c18_expected23.jpg,C:\Users\prith\Downloads\Lab automation\LabVision-AI\datasets\labos_backcam_people\review_backcam_crowded_end_23\review_overlay_lowconf_hints\backcam_end23_f020856_c18_expected23.jpg
20931,837.24,18,20,23,C:\Users\prith\Downloads\Lab automation\LabVision-AI\datasets\labos_backcam_people\review_backcam_crowded_end_23\images_raw\backcam_end23_f020931_c18_expected23.jpg,C:\Users\prith\Downloads\Lab automation\LabVision-AI\datasets\labos_backcam_people\review_backcam_crowded_end_23\labels_start\backcam_end23_f020931_c18_expected23.txt,C:\Users\prith\Downloads\Lab automation\LabVision-AI\datasets\labos_backcam_people\review_backcam_crowded_end_23\labels_corrected\backcam_end23_f020931_c18_expected23.txt,C:\Users\prith\Downloads\Lab automation\LabVision-AI\datasets\labos_backcam_people\review_backcam_crowded_end_23\review_overlay\backcam_end23_f020931_c18_expected23.jpg,C:\Users\prith\Downloads\Lab automation\LabVision-AI\datasets\labos_backcam_people\review_backcam_crowded_end_23\review_overlay_lowconf_hints\backcam_end23_f020931_c18_expected23.jpg
21006,840.24,17,21,23,C:\Users\prith\Downloads\Lab automation\LabVision-AI\datasets\labos_backcam_people\review_backcam_crowded_end_23\images_raw\backcam_end23_f021006_c17_expected23.jpg,C:\Users\prith\Downloads\Lab automation\LabVision-AI\datasets\labos_backcam_people\review_backcam_crowded_end_23\labels_start\backcam_end23_f021006_c17_expected23.txt,C:\Users\prith\Downloads\Lab automation\LabVision-AI\datasets\labos_backcam_people\review_backcam_crowded_end_23\labels_corrected\backcam_end23_f021006_c17_expected23.txt,C:\Users\prith\Downloads\Lab automation\LabVision-AI\datasets\labos_backcam_people\review_backcam_crowded_end_23\review_overlay\backcam_end23_f021006_c17_expected23.jpg,C:\Users\prith\Downloads\Lab automation\LabVision-AI\datasets\labos_backcam_people\review_backcam_crowded_end_23\review_overlay_lowconf_hints\backcam_end23_f021006_c17_expected23.jpg
21081,843.24,20,20,23,C:\Users\prith\Downloads\Lab automation\LabVision-AI\datasets\labos_backcam_people\review_backcam_crowded_end_23\images_raw\backcam_end23_f021081_c20_expected23.jpg,C:\Users\prith\Downloads\Lab automation\LabVision-AI\datasets\labos_backcam_people\review_backcam_crowded_end_23\labels_start\backcam_end23_f021081_c20_expected23.txt,C:\Users\prith\Downloads\Lab automation\LabVision-AI\datasets\labos_backcam_people\review_backcam_crowded_end_23\labels_corrected\backcam_end23_f021081_c20_expected23.txt,C:\Users\prith\Downloads\Lab automation\LabVision-AI\datasets\labos_backcam_people\review_backcam_crowded_end_23\review_overlay\backcam_end23_f021081_c20_expected23.jpg,C:\Users\prith\Downloads\Lab automation\LabVision-AI\datasets\labos_backcam_people\review_backcam_crowded_end_23\review_overlay_lowconf_hints\backcam_end23_f021081_c20_expected23.jpg
21156,846.24,19,20,23,C:\Users\prith\Downloads\Lab automation\LabVision-AI\datasets\labos_backcam_people\review_backcam_crowded_end_23\images_raw\backcam_end23_f021156_c19_expected23.jpg,C:\Users\prith\Downloads\Lab automation\LabVision-AI\datasets\labos_backcam_people\review_backcam_crowded_end_23\labels_start\backcam_end23_f021156_c19_expected23.txt,C:\Users\prith\Downloads\Lab automation\LabVision-AI\datasets\labos_backcam_people\review_backcam_crowded_end_23\labels_corrected\backcam_end23_f021156_c19_expected23.txt,C:\Users\prith\Downloads\Lab automation\LabVision-AI\datasets\labos_backcam_people\review_backcam_crowded_end_23\review_overlay\backcam_end23_f021156_c19_expected23.jpg,C:\Users\prith\Downloads\Lab automation\LabVision-AI\datasets\labos_backcam_people\review_backcam_crowded_end_23\review_overlay_lowconf_hints\backcam_end23_f021156_c19_expected23.jpg
21231,849.24,18,20,23,C:\Users\prith\Downloads\Lab automation\LabVision-AI\datasets\labos_backcam_people\review_backcam_crowded_end_23\images_raw\backcam_end23_f021231_c18_expected23.jpg,C:\Users\prith\Downloads\Lab automation\LabVision-AI\datasets\labos_backcam_people\review_backcam_crowded_end_23\labels_start\backcam_end23_f021231_c18_expected23.txt,C:\Users\prith\Downloads\Lab automation\LabVision-AI\datasets\labos_backcam_people\review_backcam_crowded_end_23\labels_corrected\backcam_end23_f021231_c18_expected23.txt,C:\Users\prith\Downloads\Lab automation\LabVision-AI\datasets\labos_backcam_people\review_backcam_crowded_end_23\review_overlay\backcam_end23_f021231_c18_expected23.jpg,C:\Users\prith\Downloads\Lab automation\LabVision-AI\datasets\labos_backcam_people\review_backcam_crowded_end_23\review_overlay_lowconf_hints\backcam_end23_f021231_c18_expected23.jpg
21306,852.24,19,20,23,C:\Users\prith\Downloads\Lab automation\LabVision-AI\datasets\labos_backcam_people\review_backcam_crowded_end_23\images_raw\backcam_end23_f021306_c19_expected23.jpg,C:\Users\prith\Downloads\Lab automation\LabVision-AI\datasets\labos_backcam_people\review_backcam_crowded_end_23\labels_start\backcam_end23_f021306_c19_expected23.txt,C:\Users\prith\Downloads\Lab automation\LabVision-AI\datasets\labos_backcam_people\review_backcam_crowded_end_23\labels_corrected\backcam_end23_f021306_c19_expected23.txt,C:\Users\prith\Downloads\Lab automation\LabVision-AI\datasets\labos_backcam_people\review_backcam_crowded_end_23\review_overlay\backcam_end23_f021306_c19_expected23.jpg,C:\Users\prith\Downloads\Lab automation\LabVision-AI\datasets\labos_backcam_people\review_backcam_crowded_end_23\review_overlay_lowconf_hints\backcam_end23_f021306_c19_expected23.jpg
21381,855.24,19,21,23,C:\Users\prith\Downloads\Lab automation\LabVision-AI\datasets\labos_backcam_people\review_backcam_crowded_end_23\images_raw\backcam_end23_f021381_c19_expected23.jpg,C:\Users\prith\Downloads\Lab automation\LabVision-AI\datasets\labos_backcam_people\review_backcam_crowded_end_23\labels_start\backcam_end23_f021381_c19_expected23.txt,C:\Users\prith\Downloads\Lab automation\LabVision-AI\datasets\labos_backcam_people\review_backcam_crowded_end_23\labels_corrected\backcam_end23_f021381_c19_expected23.txt,C:\Users\prith\Downloads\Lab automation\LabVision-AI\datasets\labos_backcam_people\review_backcam_crowded_end_23\review_overlay\backcam_end23_f021381_c19_expected23.jpg,C:\Users\prith\Downloads\Lab automation\LabVision-AI\datasets\labos_backcam_people\review_backcam_crowded_end_23\review_overlay_lowconf_hints\backcam_end23_f021381_c19_expected23.jpg
21456,858.24,18,21,23,C:\Users\prith\Downloads\Lab automation\LabVision-AI\datasets\labos_backcam_people\review_backcam_crowded_end_23\images_raw\backcam_end23_f021456_c18_expected23.jpg,C:\Users\prith\Downloads\Lab automation\LabVision-AI\datasets\labos_backcam_people\review_backcam_crowded_end_23\labels_start\backcam_end23_f021456_c18_expected23.txt,C:\Users\prith\Downloads\Lab automation\LabVision-AI\datasets\labos_backcam_people\review_backcam_crowded_end_23\labels_corrected\backcam_end23_f021456_c18_expected23.txt,C:\Users\prith\Downloads\Lab automation\LabVision-AI\datasets\labos_backcam_people\review_backcam_crowded_end_23\review_overlay\backcam_end23_f021456_c18_expected23.jpg,C:\Users\prith\Downloads\Lab automation\LabVision-AI\datasets\labos_backcam_people\review_backcam_crowded_end_23\review_overlay_lowconf_hints\backcam_end23_f021456_c18_expected23.jpg
21531,861.24,20,21,23,C:\Users\prith\Downloads\Lab automation\LabVision-AI\datasets\labos_backcam_people\review_backcam_crowded_end_23\images_raw\backcam_end23_f021531_c20_expected23.jpg,C:\Users\prith\Downloads\Lab automation\LabVision-AI\datasets\labos_backcam_people\review_backcam_crowded_end_23\labels_start\backcam_end23_f021531_c20_expected23.txt,C:\Users\prith\Downloads\Lab automation\LabVision-AI\datasets\labos_backcam_people\review_backcam_crowded_end_23\labels_corrected\backcam_end23_f021531_c20_expected23.txt,C:\Users\prith\Downloads\Lab automation\LabVision-AI\datasets\labos_backcam_people\review_backcam_crowded_end_23\review_overlay\backcam_end23_f021531_c20_expected23.jpg,C:\Users\prith\Downloads\Lab automation\LabVision-AI\datasets\labos_backcam_people\review_backcam_crowded_end_23\review_overlay_lowconf_hints\backcam_end23_f021531_c20_expected23.jpg
21606,864.24,20,21,23,C:\Users\prith\Downloads\Lab automation\LabVision-AI\datasets\labos_backcam_people\review_backcam_crowded_end_23\images_raw\backcam_end23_f021606_c20_expected23.jpg,C:\Users\prith\Downloads\Lab automation\LabVision-AI\datasets\labos_backcam_people\review_backcam_crowded_end_23\labels_start\backcam_end23_f021606_c20_expected23.txt,C:\Users\prith\Downloads\Lab automation\LabVision-AI\datasets\labos_backcam_people\review_backcam_crowded_end_23\labels_corrected\backcam_end23_f021606_c20_expected23.txt,C:\Users\prith\Downloads\Lab automation\LabVision-AI\datasets\labos_backcam_people\review_backcam_crowded_end_23\review_overlay\backcam_end23_f021606_c20_expected23.jpg,C:\Users\prith\Downloads\Lab automation\LabVision-AI\datasets\labos_backcam_people\review_backcam_crowded_end_23\review_overlay_lowconf_hints\backcam_end23_f021606_c20_expected23.jpg
21681,867.24,20,20,23,C:\Users\prith\Downloads\Lab automation\LabVision-AI\datasets\labos_backcam_people\review_backcam_crowded_end_23\images_raw\backcam_end23_f021681_c20_expected23.jpg,C:\Users\prith\Downloads\Lab automation\LabVision-AI\datasets\labos_backcam_people\review_backcam_crowded_end_23\labels_start\backcam_end23_f021681_c20_expected23.txt,C:\Users\prith\Downloads\Lab automation\LabVision-AI\datasets\labos_backcam_people\review_backcam_crowded_end_23\labels_corrected\backcam_end23_f021681_c20_expected23.txt,C:\Users\prith\Downloads\Lab automation\LabVision-AI\datasets\labos_backcam_people\review_backcam_crowded_end_23\review_overlay\backcam_end23_f021681_c20_expected23.jpg,C:\Users\prith\Downloads\Lab automation\LabVision-AI\datasets\labos_backcam_people\review_backcam_crowded_end_23\review_overlay_lowconf_hints\backcam_end23_f021681_c20_expected23.jpg
21756,870.24,20,20,23,C:\Users\prith\Downloads\Lab automation\LabVision-AI\datasets\labos_backcam_people\review_backcam_crowded_end_23\images_raw\backcam_end23_f021756_c20_expected23.jpg,C:\Users\prith\Downloads\Lab automation\LabVision-AI\datasets\labos_backcam_people\review_backcam_crowded_end_23\labels_start\backcam_end23_f021756_c20_expected23.txt,C:\Users\prith\Downloads\Lab automation\LabVision-AI\datasets\labos_backcam_people\review_backcam_crowded_end_23\labels_corrected\backcam_end23_f021756_c20_expected23.txt,C:\Users\prith\Downloads\Lab automation\LabVision-AI\datasets\labos_backcam_people\review_backcam_crowded_end_23\review_overlay\backcam_end23_f021756_c20_expected23.jpg,C:\Users\prith\Downloads\Lab automation\LabVision-AI\datasets\labos_backcam_people\review_backcam_crowded_end_23\review_overlay_lowconf_hints\backcam_end23_f021756_c20_expected23.jpg
21831,873.24,18,21,23,C:\Users\prith\Downloads\Lab automation\LabVision-AI\datasets\labos_backcam_people\review_backcam_crowded_end_23\images_raw\backcam_end23_f021831_c18_expected23.jpg,C:\Users\prith\Downloads\Lab automation\LabVision-AI\datasets\labos_backcam_people\review_backcam_crowded_end_23\labels_start\backcam_end23_f021831_c18_expected23.txt,C:\Users\prith\Downloads\Lab automation\LabVision-AI\datasets\labos_backcam_people\review_backcam_crowded_end_23\labels_corrected\backcam_end23_f021831_c18_expected23.txt,C:\Users\prith\Downloads\Lab automation\LabVision-AI\datasets\labos_backcam_people\review_backcam_crowded_end_23\review_overlay\backcam_end23_f021831_c18_expected23.jpg,C:\Users\prith\Downloads\Lab automation\LabVision-AI\datasets\labos_backcam_people\review_backcam_crowded_end_23\review_overlay_lowconf_hints\backcam_end23_f021831_c18_expected23.jpg
21906,876.24,19,22,23,C:\Users\prith\Downloads\Lab automation\LabVision-AI\datasets\labos_backcam_people\review_backcam_crowded_end_23\images_raw\backcam_end23_f021906_c19_expected23.jpg,C:\Users\prith\Downloads\Lab automation\LabVision-AI\datasets\labos_backcam_people\review_backcam_crowded_end_23\labels_start\backcam_end23_f021906_c19_expected23.txt,C:\Users\prith\Downloads\Lab automation\LabVision-AI\datasets\labos_backcam_people\review_backcam_crowded_end_23\labels_corrected\backcam_end23_f021906_c19_expected23.txt,C:\Users\prith\Downloads\Lab automation\LabVision-AI\datasets\labos_backcam_people\review_backcam_crowded_end_23\review_overlay\backcam_end23_f021906_c19_expected23.jpg,C:\Users\prith\Downloads\Lab automation\LabVision-AI\datasets\labos_backcam_people\review_backcam_crowded_end_23\review_overlay_lowconf_hints\backcam_end23_f021906_c19_expected23.jpg
21981,879.24,19,20,23,C:\Users\prith\Downloads\Lab automation\LabVision-AI\datasets\labos_backcam_people\review_backcam_crowded_end_23\images_raw\backcam_end23_f021981_c19_expected23.jpg,C:\Users\prith\Downloads\Lab automation\LabVision-AI\datasets\labos_backcam_people\review_backcam_crowded_end_23\labels_start\backcam_end23_f021981_c19_expected23.txt,C:\Users\prith\Downloads\Lab automation\LabVision-AI\datasets\labos_backcam_people\review_backcam_crowded_end_23\labels_corrected\backcam_end23_f021981_c19_expected23.txt,C:\Users\prith\Downloads\Lab automation\LabVision-AI\datasets\labos_backcam_people\review_backcam_crowded_end_23\review_overlay\backcam_end23_f021981_c19_expected23.jpg,C:\Users\prith\Downloads\Lab automation\LabVision-AI\datasets\labos_backcam_people\review_backcam_crowded_end_23\review_overlay_lowconf_hints\backcam_end23_f021981_c19_expected23.jpg
22056,882.24,18,20,23,C:\Users\prith\Downloads\Lab automation\LabVision-AI\datasets\labos_backcam_people\review_backcam_crowded_end_23\images_raw\backcam_end23_f022056_c18_expected23.jpg,C:\Users\prith\Downloads\Lab automation\LabVision-AI\datasets\labos_backcam_people\review_backcam_crowded_end_23\labels_start\backcam_end23_f022056_c18_expected23.txt,C:\Users\prith\Downloads\Lab automation\LabVision-AI\datasets\labos_backcam_people\review_backcam_crowded_end_23\labels_corrected\backcam_end23_f022056_c18_expected23.txt,C:\Users\prith\Downloads\Lab automation\LabVision-AI\datasets\labos_backcam_people\review_backcam_crowded_end_23\review_overlay\backcam_end23_f022056_c18_expected23.jpg,C:\Users\prith\Downloads\Lab automation\LabVision-AI\datasets\labos_backcam_people\review_backcam_crowded_end_23\review_overlay_lowconf_hints\backcam_end23_f022056_c18_expected23.jpg
22131,885.24,18,21,23,C:\Users\prith\Downloads\Lab automation\LabVision-AI\datasets\labos_backcam_people\review_backcam_crowded_end_23\images_raw\backcam_end23_f022131_c18_expected23.jpg,C:\Users\prith\Downloads\Lab automation\LabVision-AI\datasets\labos_backcam_people\review_backcam_crowded_end_23\labels_start\backcam_end23_f022131_c18_expected23.txt,C:\Users\prith\Downloads\Lab automation\LabVision-AI\datasets\labos_backcam_people\review_backcam_crowded_end_23\labels_corrected\backcam_end23_f022131_c18_expected23.txt,C:\Users\prith\Downloads\Lab automation\LabVision-AI\datasets\labos_backcam_people\review_backcam_crowded_end_23\review_overlay\backcam_end23_f022131_c18_expected23.jpg,C:\Users\prith\Downloads\Lab automation\LabVision-AI\datasets\labos_backcam_people\review_backcam_crowded_end_23\review_overlay_lowconf_hints\backcam_end23_f022131_c18_expected23.jpg
22206,888.24,18,20,23,C:\Users\prith\Downloads\Lab automation\LabVision-AI\datasets\labos_backcam_people\review_backcam_crowded_end_23\images_raw\backcam_end23_f022206_c18_expected23.jpg,C:\Users\prith\Downloads\Lab automation\LabVision-AI\datasets\labos_backcam_people\review_backcam_crowded_end_23\labels_start\backcam_end23_f022206_c18_expected23.txt,C:\Users\prith\Downloads\Lab automation\LabVision-AI\datasets\labos_backcam_people\review_backcam_crowded_end_23\labels_corrected\backcam_end23_f022206_c18_expected23.txt,C:\Users\prith\Downloads\Lab automation\LabVision-AI\datasets\labos_backcam_people\review_backcam_crowded_end_23\review_overlay\backcam_end23_f022206_c18_expected23.jpg,C:\Users\prith\Downloads\Lab automation\LabVision-AI\datasets\labos_backcam_people\review_backcam_crowded_end_23\review_overlay_lowconf_hints\backcam_end23_f022206_c18_expected23.jpg
22281,891.24,19,19,23,C:\Users\prith\Downloads\Lab automation\LabVision-AI\datasets\labos_backcam_people\review_backcam_crowded_end_23\images_raw\backcam_end23_f022281_c19_expected23.jpg,C:\Users\prith\Downloads\Lab automation\LabVision-AI\datasets\labos_backcam_people\review_backcam_crowded_end_23\labels_start\backcam_end23_f022281_c19_expected23.txt,C:\Users\prith\Downloads\Lab automation\LabVision-AI\datasets\labos_backcam_people\review_backcam_crowded_end_23\labels_corrected\backcam_end23_f022281_c19_expected23.txt,C:\Users\prith\Downloads\Lab automation\LabVision-AI\datasets\labos_backcam_people\review_backcam_crowded_end_23\review_overlay\backcam_end23_f022281_c19_expected23.jpg,C:\Users\prith\Downloads\Lab automation\LabVision-AI\datasets\labos_backcam_people\review_backcam_crowded_end_23\review_overlay_lowconf_hints\backcam_end23_f022281_c19_expected23.jpg
22356,894.24,19,19,23,C:\Users\prith\Downloads\Lab automation\LabVision-AI\datasets\labos_backcam_people\review_backcam_crowded_end_23\images_raw\backcam_end23_f022356_c19_expected23.jpg,C:\Users\prith\Downloads\Lab automation\LabVision-AI\datasets\labos_backcam_people\review_backcam_crowded_end_23\labels_start\backcam_end23_f022356_c19_expected23.txt,C:\Users\prith\Downloads\Lab automation\LabVision-AI\datasets\labos_backcam_people\review_backcam_crowded_end_23\labels_corrected\backcam_end23_f022356_c19_expected23.txt,C:\Users\prith\Downloads\Lab automation\LabVision-AI\datasets\labos_backcam_people\review_backcam_crowded_end_23\review_overlay\backcam_end23_f022356_c19_expected23.jpg,C:\Users\prith\Downloads\Lab automation\LabVision-AI\datasets\labos_backcam_people\review_backcam_crowded_end_23\review_overlay_lowconf_hints\backcam_end23_f022356_c19_expected23.jpg
